{
  "total_pixels": 868984,
  "agreement": 0.8700574463971719,
  "iou_per_class": [
    0.6254013618030354,
    0.5956667932100439,
    0.8444439341401244
  ],
  "confusion_matrix": [
    [
      182504,
      5726,
      56658
    ],
    [
      5582,
      21967,
      1790
    ],
    [
      41349,
      1813,
      551595
    ]
  ]
}